title,year,coverage,author,institutions,raw_affiliations,raw_author_name,source,metadata
Exploring the micro-to-macro response of granular soils with real particle shapes by way of μCT-aided DEM analyses,2025,complete,Yang Li,Northwestern University; The University of Tokyo,"Northwestern University † McCormick School of Engineering, , Evanston, , ; The University of Tokyo * Institute of Industrial Science, , Meguro-ku, Tokyo, ; Institute of Industrial Science, The University of Tokyo, Meguro-ku, Tokyo, Japan; McCormick School of Engineering, Northwestern University, Evanston, IL, USA",Yang Li,https://doi.org/10.1680/jgeot.23.00162,https://openalex.org/W4393355557
Exploring the micro-to-macro response of granular soils with real particle shapes by way of μCT-aided DEM analyses,2025,complete,Masahide Otsubo,Public Works Research Institute; The University of Tokyo,"The University of Tokyo * Institute of Industrial Science, , Meguro-ku, Tokyo, ; Tsukuba ‡ Public Works Research Institute, , Ibaraki, ; Institute of Industrial Science, The University of Tokyo, Meguro-ku, Tokyo, Japan; Public Works Research Institute, Tsukuba, Ibaraki, Japan",Masahide Otsubo,https://doi.org/10.1680/jgeot.23.00162,https://openalex.org/W4393355557
Exploring the micro-to-macro response of granular soils with real particle shapes by way of μCT-aided DEM analyses,2025,complete,Vasileios Angelidakis,Queen's University Belfast; Newcastle University,"Newcastle University § School of Engineering, , Newcastle upon Tyne, ; Queen’s University Belfast ∥ School of Natural and Built Environment, , Belfast, ; School of Engineering, Newcastle University, Newcastle upon Tyne, UK; School of Natural and Built Environment, Queen's University Belfast, Belfast, UK",Vasileios Angelidakis,https://doi.org/10.1680/jgeot.23.00162,https://openalex.org/W4393355557
Exploring the micro-to-macro response of granular soils with real particle shapes by way of μCT-aided DEM analyses,2025,complete,Reiko Kuwano,The University of Tokyo,"The University of Tokyo * Institute of Industrial Science, , Meguro-ku, Tokyo, ; Institute of Industrial Science, The University of Tokyo, Meguro-ku, Tokyo, Japan",Reiko Kuwano,https://doi.org/10.1680/jgeot.23.00162,https://openalex.org/W4393355557
Exploring the micro-to-macro response of granular soils with real particle shapes by way of μCT-aided DEM analyses,2025,complete,Sadegh Nadimi,Newcastle University,"Newcastle University § School of Engineering, , Newcastle upon Tyne, ; School of Engineering, Newcastle University, Newcastle upon Tyne, UK",Sadegh Nadimi,https://doi.org/10.1680/jgeot.23.00162,https://openalex.org/W4393355557
Quantitative evaluation of surface roughness for granular materials using Gaussian filter method,2021,complete,Yang Li,The University of Tokyo,"Institute of Industrial Science, The University of Tokyo, 4-6-1 Komaba, Meguro-ku, Tokyo 153-8505, Japan",Yang Li,https://doi.org/10.1016/j.powtec.2021.04.068,https://openalex.org/W3158954466
Quantitative evaluation of surface roughness for granular materials using Gaussian filter method,2021,complete,Masahide Otsubo,The University of Tokyo,"Institute of Industrial Science, The University of Tokyo, 4-6-1 Komaba, Meguro-ku, Tokyo 153-8505, Japan",Masahide Otsubo,https://doi.org/10.1016/j.powtec.2021.04.068,https://openalex.org/W3158954466
Quantitative evaluation of surface roughness for granular materials using Gaussian filter method,2021,complete,Reiko Kuwano,The University of Tokyo,"Institute of Industrial Science, The University of Tokyo, 4-6-1 Komaba, Meguro-ku, Tokyo 153-8505, Japan",Reiko Kuwano,https://doi.org/10.1016/j.powtec.2021.04.068,https://openalex.org/W3158954466
Quantitative evaluation of surface roughness for granular materials using Gaussian filter method,2021,complete,Sadegh Nadimi,Newcastle University,"School of Engineering, Newcastle University, Newcastle upon Tyne NE1 7RU, UK",Sadegh Nadimi,https://doi.org/10.1016/j.powtec.2021.04.068,https://openalex.org/W3158954466
DEM analysis on the stress wave response of spherical particle assemblies under triaxial compression,2021,complete,Yang Li,The University of Tokyo,"Institute of Industrial Science, The University of Tokyo, 4-6-1 Komaba, Meguro-Ku, Tokyo 153-8505, Japan",Yang Li,https://doi.org/10.1016/j.compgeo.2021.104043,https://openalex.org/W3132292225
DEM analysis on the stress wave response of spherical particle assemblies under triaxial compression,2021,complete,Masahide Otsubo,The University of Tokyo,"Institute of Industrial Science, The University of Tokyo, 4-6-1 Komaba, Meguro-Ku, Tokyo 153-8505, Japan",Masahide Otsubo,https://doi.org/10.1016/j.compgeo.2021.104043,https://openalex.org/W3132292225
DEM analysis on the stress wave response of spherical particle assemblies under triaxial compression,2021,complete,Reiko Kuwano,The University of Tokyo,"Institute of Industrial Science, The University of Tokyo, 4-6-1 Komaba, Meguro-Ku, Tokyo 153-8505, Japan",Reiko Kuwano,https://doi.org/10.1016/j.compgeo.2021.104043,https://openalex.org/W3132292225
Effect of particle morphology on stress and strain characteristics of granular materials during triaxial compression,2024,complete,Yang Li,Northwestern University; The University of Tokyo,"Institute of Industrial Science, The University of Tokyo, 4-6-1 Komaba, Meguro-Ku, Tokyo, 153-8505, Japan; McCormick School of Engineering, Northwestern University, Evanston, IL, 60202, USA",Yang Li,https://doi.org/10.1007/s11440-023-02190-y,https://openalex.org/W4390612018
Effect of particle morphology on stress and strain characteristics of granular materials during triaxial compression,2024,complete,Masahide Otsubo,Public Works Research Institute; The University of Tokyo,"Institute of Industrial Science, The University of Tokyo, 4-6-1 Komaba, Meguro-Ku, Tokyo, 153-8505, Japan; Public Works Research Institute, 1-6 Minamihara, Tsukuba, Ibaraki, 305-8516, Japan",Masahide Otsubo,https://doi.org/10.1007/s11440-023-02190-y,https://openalex.org/W4390612018
Effect of particle morphology on stress and strain characteristics of granular materials during triaxial compression,2024,complete,Junming Liu,The University of Tokyo,"Institute of Industrial Science, The University of Tokyo, 4-6-1 Komaba, Meguro-Ku, Tokyo, 153-8505, Japan",Junming Liu,https://doi.org/10.1007/s11440-023-02190-y,https://openalex.org/W4390612018
Effect of particle morphology on stress and strain characteristics of granular materials during triaxial compression,2024,complete,Reiko Kuwano,The University of Tokyo,"Institute of Industrial Science, The University of Tokyo, 4-6-1 Komaba, Meguro-Ku, Tokyo, 153-8505, Japan",Reiko Kuwano,https://doi.org/10.1007/s11440-023-02190-y,https://openalex.org/W4390612018
Transition of gap-graded soil fabric–shear wave measurements and dispersion relation,2022,complete,Yang Li,The University of Tokyo,"Institute of Industrial Science, The University of Tokyo, Japan",Yang Li,https://doi.org/10.1016/j.sandf.2021.101092,https://openalex.org/W4200595546
Transition of gap-graded soil fabric–shear wave measurements and dispersion relation,2022,complete,Masahide Otsubo,The University of Tokyo,"Institute of Industrial Science, The University of Tokyo, Japan",Masahide Otsubo,https://doi.org/10.1016/j.sandf.2021.101092,https://openalex.org/W4200595546
Transition of gap-graded soil fabric–shear wave measurements and dispersion relation,2022,complete,Arian Ghaemi,The University of Tokyo,"Institute of Industrial Science, The University of Tokyo, Japan",Arian Ghaemi,https://doi.org/10.1016/j.sandf.2021.101092,https://openalex.org/W4200595546
Transition of gap-graded soil fabric–shear wave measurements and dispersion relation,2022,complete,Troyee Tanu Dutta,Monash University,"Department of Civil Engineering, Monash University, Australia",Troyee Tanu Dutta,https://doi.org/10.1016/j.sandf.2021.101092,https://openalex.org/W4200595546
Transition of gap-graded soil fabric–shear wave measurements and dispersion relation,2022,complete,Reiko Kuwano,The University of Tokyo,"Institute of Industrial Science, The University of Tokyo, Japan",Reiko Kuwano,https://doi.org/10.1016/j.sandf.2021.101092,https://openalex.org/W4200595546
Shape-induced clusters of ellipsoids during triaxial compression: A multiscale analysis using LS-DEM,2024,complete,Haoran Jiang,University of Tsukuba,"Department of Engineering Mechanics and Energy, University of Tsukuba, Tsukuba, Ibaraki, 305-8573, Japan",Haoran Jiang,https://doi.org/10.1016/j.compgeo.2024.106235,https://openalex.org/W4392935275
Shape-induced clusters of ellipsoids during triaxial compression: A multiscale analysis using LS-DEM,2024,complete,Reid Y. Kawamoto,University of Tsukuba,"Department of Engineering Mechanics and Energy, University of Tsukuba, Tsukuba, Ibaraki, 305-8573, Japan",Reid Kawamoto,https://doi.org/10.1016/j.compgeo.2024.106235,https://openalex.org/W4392935275
Shape-induced clusters of ellipsoids during triaxial compression: A multiscale analysis using LS-DEM,2024,complete,Yang Li,Northwestern University,"Department of Civil and Environmental Engineering, Northwestern University, Evanston, IL, 60208, USA",Yang Li,https://doi.org/10.1016/j.compgeo.2024.106235,https://openalex.org/W4392935275
Analyzing the mechanical behavior of granular materials: A multi-morphological approach using spherical harmonics and LS-DEM,2024,complete,Haoran Jiang,University of Tsukuba,"Department of Engineering Mechanics and Energy, University of Tsukuba, Tsukuba, Ibaraki, 305-8573, Japan",Haoran Jiang,https://doi.org/10.1016/j.powtec.2024.120078,https://openalex.org/W4400520312
Analyzing the mechanical behavior of granular materials: A multi-morphological approach using spherical harmonics and LS-DEM,2024,complete,Opu Chandra Debanath,Chittagong University of Engineering & Technology; University of Tsukuba,"Department of Civil Engineering, Chittagong University of Engineering and Technology (CUET), Chattogram 4349, Bangladesh; Department of Engineering Mechanics and Energy, University of Tsukuba, Tsukuba, Ibaraki, 305-8573, Japan",Opu Chandra Debanath,https://doi.org/10.1016/j.powtec.2024.120078,https://openalex.org/W4400520312
Analyzing the mechanical behavior of granular materials: A multi-morphological approach using spherical harmonics and LS-DEM,2024,complete,Fan Chen,Aix-Marseille University / INRAE — RECOVER,"INRAE, Aix Marseille University, RECOVER, Route Cézanne, Aix-en-Provence, 13182, France",Fan Chen,https://doi.org/10.1016/j.powtec.2024.120078,https://openalex.org/W4400520312
Analyzing the mechanical behavior of granular materials: A multi-morphological approach using spherical harmonics and LS-DEM,2024,complete,Reid Y. Kawamoto,University of Tsukuba,"Department of Engineering Mechanics and Energy, University of Tsukuba, Tsukuba, Ibaraki, 305-8573, Japan",Reid Kawamoto,https://doi.org/10.1016/j.powtec.2024.120078,https://openalex.org/W4400520312
Analyzing the mechanical behavior of granular materials: A multi-morphological approach using spherical harmonics and LS-DEM,2024,complete,Yang Li,Northwestern University,"Department of Civil and Environmental Engineering, Northwestern University, Evanston, IL, 60208, USA",Yang Li,https://doi.org/10.1016/j.powtec.2024.120078,https://openalex.org/W4400520312
Interpretation of static and dynamic Young’s moduli and Poisson’s ratio of granular assemblies under shearing,2022,complete,Yang Li,The University of Tokyo,"Institute of Industrial Science, The University of Tokyo, 4-6-1 Komaba, Meguro-Ku, Tokyo 153-8505, Japan",Yang Li,https://doi.org/10.1016/j.compgeo.2021.104560,https://openalex.org/W4200127626
Interpretation of static and dynamic Young’s moduli and Poisson’s ratio of granular assemblies under shearing,2022,complete,Masahide Otsubo,The University of Tokyo,"Institute of Industrial Science, The University of Tokyo, 4-6-1 Komaba, Meguro-Ku, Tokyo 153-8505, Japan",Masahide Otsubo,https://doi.org/10.1016/j.compgeo.2021.104560,https://openalex.org/W4200127626
Interpretation of static and dynamic Young’s moduli and Poisson’s ratio of granular assemblies under shearing,2022,complete,Reiko Kuwano,The University of Tokyo,"Institute of Industrial Science, The University of Tokyo, 4-6-1 Komaba, Meguro-Ku, Tokyo 153-8505, Japan",Reiko Kuwano,https://doi.org/10.1016/j.compgeo.2021.104560,https://openalex.org/W4200127626
Numerical identification of size-shape-strength attractors in sheared breakable granular materials,2026,complete,Haoran Jiang,Kajima Corporation (Japan),"Civil Engineering Design Division, Kajima Corporation, 3-8, Motoakasaka, 1-chome, Minato-ku, Tokyo, 107-8477, Japan",Haoran Jiang,https://doi.org/10.1016/j.compgeo.2025.107709,https://openalex.org/W7092357052
Numerical identification of size-shape-strength attractors in sheared breakable granular materials,2026,complete,Yang Li,Kyushu University,"Department of Civil Engineering, Kyushu University, Fukuoka, 819-0395, Japan",Yang Li,https://doi.org/10.1016/j.compgeo.2025.107709,https://openalex.org/W7092357052
Numerical identification of size-shape-strength attractors in sheared breakable granular materials,2026,complete,Quanshui Huang,https://openalex.org/I78978612,"College of Hydraulic Science and Engineering, Yangzhou University, Yangzhou, Jiangsu, 225009, China",Quanshui Huang,https://doi.org/10.1016/j.compgeo.2025.107709,https://openalex.org/W7092357052
Numerical identification of size-shape-strength attractors in sheared breakable granular materials,2026,complete,Dawei Xue,Tongji University,"Key Laboratory of Geotechnical and Underground Engineering of Ministry of Education, Department of Geotechnical Engineering, Tongji University, Shanghai 200092, China",Dawei Xue,https://doi.org/10.1016/j.compgeo.2025.107709,https://openalex.org/W7092357052
Numerical identification of size-shape-strength attractors in sheared breakable granular materials,2026,complete,Giuseppe Buscarnera,Northwestern University,"Department of Civil and Environmental Engineering, Northwestern University, Evanston, IL, 60208, USA",Giuseppe Buscarnera,https://doi.org/10.1016/j.compgeo.2025.107709,https://openalex.org/W7092357052
Horizontal transient response of a pile group partially embedded in multilayered transversely isotropic soils,2021,complete,Yang Li,Tongji University,"Department of Geotechnical Engineering, Key Laboratory of Geotechnical and Underground Engineering of Ministry of Education, College of Civil Engineering, Tongji University, Shanghai, China",Yang Li,https://doi.org/10.1007/s11440-020-01023-6,https://openalex.org/W3042846338
Horizontal transient response of a pile group partially embedded in multilayered transversely isotropic soils,2021,complete,Zhi Yong Ai,Tongji University,"Department of Geotechnical Engineering, Key Laboratory of Geotechnical and Underground Engineering of Ministry of Education, College of Civil Engineering, Tongji University, Shanghai, China",Zhi Yong Ai,https://doi.org/10.1007/s11440-020-01023-6,https://openalex.org/W3042846338
Dynamic column collapse of dry granular materials with multi-scale shape characteristics,2025,complete,Haoran Jiang,Kajima Corporation (Japan),"Civil Engineering Design Division, Kajima Corporation, 3-8, Motoakasaka, 1-chome, Minato-ku, Tokyo, 107-8477, Japan",Haoran Jiang,https://doi.org/10.1016/j.compgeo.2024.106873,https://openalex.org/W4404134940
Dynamic column collapse of dry granular materials with multi-scale shape characteristics,2025,complete,Jiayan Nie,Wuhan University,"School of Civil Engineering, Wuhan University, Wuhan 430072, PR China",Jiayan Nie,https://doi.org/10.1016/j.compgeo.2024.106873,https://openalex.org/W4404134940
Dynamic column collapse of dry granular materials with multi-scale shape characteristics,2025,complete,Opu Chandra Debanath,Chittagong University of Engineering & Technology,"Department of Civil Engineering, Chittagong University of Engineering and Technology, Chattogram 4349, Bangladesh",Opu Chandra Debanath,https://doi.org/10.1016/j.compgeo.2024.106873,https://openalex.org/W4404134940
Dynamic column collapse of dry granular materials with multi-scale shape characteristics,2025,complete,Yang Li,Northwestern University,"Department of Civil and Environmental Engineering, Northwestern University, Evanston, IL, 60208, USA",Yang Li,https://doi.org/10.1016/j.compgeo.2024.106873,https://openalex.org/W4404134940
Evaluation of soil fabric using elastic waves during load-unload,2023,complete,Yang Li,The University of Tokyo,"Institute of Industrial Science, The University of Tokyo, 4-6-1 Komaba, Meguro-ku, Tokyo, 153-8505, Japan",Yang Li,https://doi.org/10.1016/j.jrmge.2022.12.004,https://openalex.org/W4313333979
Evaluation of soil fabric using elastic waves during load-unload,2023,complete,Masahide Otsubo,Public Works Research Institute; The University of Tokyo,"Institute of Industrial Science, The University of Tokyo, 4-6-1 Komaba, Meguro-ku, Tokyo, 153-8505, Japan; Public Works Research Institute, 1-6 Minamihara, Tsukuba, Ibaraki, 305-8516, Japan",Masahide Otsubo,https://doi.org/10.1016/j.jrmge.2022.12.004,https://openalex.org/W4313333979
Evaluation of soil fabric using elastic waves during load-unload,2023,complete,Reiko Kuwano,The University of Tokyo,"Institute of Industrial Science, The University of Tokyo, 4-6-1 Komaba, Meguro-ku, Tokyo, 153-8505, Japan",Reiko Kuwano,https://doi.org/10.1016/j.jrmge.2022.12.004,https://openalex.org/W4313333979
Quasti-static response of a multilayered transversely isotropic porothermoelastic material subjected to a cylindrical heat source,2019,complete,Zhi Yong Ai,Tongji University,"Department of Geotechnical Engineering, Key Laboratory of Geotechnical and Underground Engineering of Ministry of Education, College of Civil Engineering, Tongji University, 1239 Siping Road, Shanghai 20092, China",Zhi Yong Ai,https://doi.org/10.1016/j.compgeo.2018.11.024,https://openalex.org/W2903573210
Quasti-static response of a multilayered transversely isotropic porothermoelastic material subjected to a cylindrical heat source,2019,complete,Zi Ye,Tongji University,"Department of Geotechnical Engineering, Key Laboratory of Geotechnical and Underground Engineering of Ministry of Education, College of Civil Engineering, Tongji University, 1239 Siping Road, Shanghai 20092, China",Zi Ye,https://doi.org/10.1016/j.compgeo.2018.11.024,https://openalex.org/W2903573210
Quasti-static response of a multilayered transversely isotropic porothermoelastic material subjected to a cylindrical heat source,2019,complete,Yang Li,Tongji University,"Department of Geotechnical Engineering, Key Laboratory of Geotechnical and Underground Engineering of Ministry of Education, College of Civil Engineering, Tongji University, 1239 Siping Road, Shanghai 20092, China",Yang Li,https://doi.org/10.1016/j.compgeo.2018.11.024,https://openalex.org/W2903573210
Exploring the micromechanical origin of shear response in granular materials induced by size non-uniformity: Y. Li et al.,2024,partial,Yang Li,Northwestern University,"Department of Civil and Environmental Engineering, Northwestern University, 2145 Sheridan Road, Evanston, IL, 60208, USA",Yang Li,https://doi.org/10.1007/s10035-024-01472-w,https://openalex.org/W4403209477
Exploring the micromechanical origin of shear response in granular materials induced by size non-uniformity: Y. Li et al.,2024,partial,Yang Dong,,"Industrial Technology Research Institute, China Construction Steel Structure Corporation Limited, 2009 Pingshan Avenue, Shenzhen, 518118, Guangdong, China",Yang Dong,https://doi.org/10.1007/s10035-024-01472-w,https://openalex.org/W4403209477
Exploring the micromechanical origin of shear response in granular materials induced by size non-uniformity: Y. Li et al.,2024,partial,Haoran Jiang,Kajima Corporation (Japan),"Civil Engineering Design Division, Kajima Corporation, 3-8, Motoakasaka, 1-chome, Minato-ku, Tokyo, 107-8477, Japan",Haoran Jiang,https://doi.org/10.1007/s10035-024-01472-w,https://openalex.org/W4403209477
Exploring the micromechanical origin of shear response in granular materials induced by size non-uniformity: Y. Li et al.,2024,partial,Zhenming Shi,Tongji University,"Department of Geotechnical Engineering, Key Laboratory of Geotechnical and Underground Engineering of Ministry of Education, State Key Laboratory for Disaster Reduction in Civil Engineering, Tongji University, 1239 Siping Road, Shanghai, 200092, China",Zhenming Shi,https://doi.org/10.1007/s10035-024-01472-w,https://openalex.org/W4403209477
Transient analysis of a fixed-head pile group in multi-layered transversely isotropic media due to horizontal loadings,2020,complete,Yang Li,Tongji University,"Department of Geotechnical Engineering, Key Laboratory of Geotechnical and Underground Engineering of Ministry of Education, College of Civil Engineering, Tongji University, Shanghai, China",Yang Li,https://doi.org/10.1016/j.compgeo.2020.103772,https://openalex.org/W3047304049
Transient analysis of a fixed-head pile group in multi-layered transversely isotropic media due to horizontal loadings,2020,complete,Zhi Yong Ai,Tongji University,"Department of Geotechnical Engineering, Key Laboratory of Geotechnical and Underground Engineering of Ministry of Education, College of Civil Engineering, Tongji University, Shanghai, China",Zhi Yong Ai,https://doi.org/10.1016/j.compgeo.2020.103772,https://openalex.org/W3047304049
Contact-scale insights into the shear stiffness of non-spherical granular materials,2025,complete,Masahide Otsubo,Port and Airport Research Institute; The University of Tokyo,"Port and Airport Research Institute * , Yokosuka, ; The University of Tokyo † Institute of Industrial Science, , Meguro-ku, ; Institute of Industrial Science, The University of Tokyo, 4-6-1 Komaba, Meguro-ku, Tokyo, 153-8505, Japan; Port and Airport Research Institute, 3-1-1 Nagase, Yokosuka, Kanagawa, 239-0826, Japan",Masahide Otsubo,https://doi.org/10.1680/jgeot.23.00042,https://openalex.org/W4407134888
Contact-scale insights into the shear stiffness of non-spherical granular materials,2025,complete,Yang Li,Northwestern University; The University of Tokyo,"Northwestern University ‡ McCormick School of Engineering, , Evanston, , ; The University of Tokyo † Institute of Industrial Science, , Meguro-ku, ; Institute of Industrial Science, The University of Tokyo, 4-6-1 Komaba, Meguro-ku, Tokyo, 153-8505, Japan; McCormick School of Engineering, Northwestern University, 2145 Sheridan Rd. Evanston, IL, USA",Yang Li,https://doi.org/10.1680/jgeot.23.00042,https://openalex.org/W4407134888
Contact-scale insights into the shear stiffness of non-spherical granular materials,2025,complete,Reiko Kuwano,The University of Tokyo,"The University of Tokyo † Institute of Industrial Science, , Meguro-ku, ; Institute of Industrial Science, The University of Tokyo, 4-6-1 Komaba, Meguro-ku, Tokyo, 153-8505, Japan",Reiko Kuwano,https://doi.org/10.1680/jgeot.23.00042,https://openalex.org/W4407134888
Contact-scale insights into the shear stiffness of non-spherical granular materials,2025,complete,Sadegh Nadimi,Newcastle University,"Newcastle University § School of Engineering, , Newcastle upon Tyne, ; School of Engineering, Newcastle University, Newcastle upon Tyne, NE1 7RU, UK",Sadegh Nadimi,https://doi.org/10.1680/jgeot.23.00042,https://openalex.org/W4407134888
Contact-scale insights into the shear stiffness of non-spherical granular materials,2025,complete,Vasileios Angelidakis,Queen's University Belfast; Newcastle University,"Newcastle University § School of Engineering, , Newcastle upon Tyne, ; Queen's University Belfast ‖ School of Natural and Built Environment, , Belfast, ; School of Engineering, Newcastle University, Newcastle upon Tyne, NE1 7RU, UK; School of Natural and Built Environment, Queen's University Belfast, Belfast BT9 5AG, UK",Vasileios Angelidakis,https://doi.org/10.1680/jgeot.23.00042,https://openalex.org/W4407134888
Dynamic response of saturated multilayered soils with elastic superstrata subjected to vertical impulsive loadings,2021,complete,Zhi Yong Ai,Tongji University,"Department of Geotechnical Engineering, Key Laboratory of Geotechnical and Underground Engineering of Ministry of Education, College of Civil Engineering, Tongji University, 1239 Siping Road, Shanghai 200092, P R China",Zhi Yong Ai,https://doi.org/10.1016/j.apm.2020.09.019,https://openalex.org/W3089726034
Dynamic response of saturated multilayered soils with elastic superstrata subjected to vertical impulsive loadings,2021,complete,Wei Tao Ji,Tongji University,"Department of Geotechnical Engineering, Key Laboratory of Geotechnical and Underground Engineering of Ministry of Education, College of Civil Engineering, Tongji University, 1239 Siping Road, Shanghai 200092, P R China",Wei Tao Ji,https://doi.org/10.1016/j.apm.2020.09.019,https://openalex.org/W3089726034
Dynamic response of saturated multilayered soils with elastic superstrata subjected to vertical impulsive loadings,2021,complete,Yang Li,Tongji University,"Department of Geotechnical Engineering, Key Laboratory of Geotechnical and Underground Engineering of Ministry of Education, College of Civil Engineering, Tongji University, 1239 Siping Road, Shanghai 200092, P R China",Yang Li,https://doi.org/10.1016/j.apm.2020.09.019,https://openalex.org/W3089726034
Dynamic response of saturated multilayered soils with elastic superstrata subjected to vertical impulsive loadings,2021,complete,Haitao Li,Tongji University,"Department of Geotechnical Engineering, Key Laboratory of Geotechnical and Underground Engineering of Ministry of Education, College of Civil Engineering, Tongji University, 1239 Siping Road, Shanghai 200092, P R China",Hai Tao Li,https://doi.org/10.1016/j.apm.2020.09.019,https://openalex.org/W3089726034
X-ray microtomography measurements of coevolving particle size and shape,2025,complete,Yang Li,Northwestern University,Northwestern Univ,Yang Li,https://doi.org/10.1061/jggefk.gteng-13362,https://openalex.org/W4412662339
X-ray microtomography measurements of coevolving particle size and shape,2025,complete,Shubjot Singh,Northwestern University,Northwestern Univ,Shubjot Singh,https://doi.org/10.1061/jggefk.gteng-13362,https://openalex.org/W4412662339
X-ray microtomography measurements of coevolving particle size and shape,2025,complete,Giuseppe Buscarnera,Northwestern University,Northwestern Univ,Giuseppe Buscarnera,https://doi.org/10.1061/jggefk.gteng-13362,https://openalex.org/W4412662339
Transient dynamic response of multilayered saturated media subjected to impulsive loadings,2018,complete,Zhi Yong Ai,Tongji University,"Department of Geotechnical Engineering, Key Laboratory of Geotechnical and Underground Engineering of Ministry of Education, College of Civil Engineering Tongji University  1239 Siping Road Shanghai 200092 China; Department of Geotechnical Engineering, Key Laboratory of Geotechnical and Underground Engineering of Ministry of Education, College of Civil Engineering, Tongji University, 1239 Siping Road, Shanghai, 200092 China",Zhi Yong Ai,https://doi.org/10.1002/nag.2785,https://openalex.org/W2794710295
Transient dynamic response of multilayered saturated media subjected to impulsive loadings,2018,complete,Yang Li,Tongji University,"Department of Geotechnical Engineering, Key Laboratory of Geotechnical and Underground Engineering of Ministry of Education, College of Civil Engineering Tongji University  1239 Siping Road Shanghai 200092 China; Department of Geotechnical Engineering, Key Laboratory of Geotechnical and Underground Engineering of Ministry of Education, College of Civil Engineering, Tongji University, 1239 Siping Road, Shanghai, 200092 China",Yang Li,https://doi.org/10.1002/nag.2785,https://openalex.org/W2794710295
Transient dynamic response of multilayered saturated media subjected to impulsive loadings,2018,complete,Jin Jing Mu,Tongji University,"Department of Geotechnical Engineering, Key Laboratory of Geotechnical and Underground Engineering of Ministry of Education, College of Civil Engineering Tongji University  1239 Siping Road Shanghai 200092 China; Department of Geotechnical Engineering, Key Laboratory of Geotechnical and Underground Engineering of Ministry of Education, College of Civil Engineering, Tongji University, 1239 Siping Road, Shanghai, 200092 China",Jin Jing Mu,https://doi.org/10.1002/nag.2785,https://openalex.org/W2794710295
Transient dynamic response of multilayered saturated media subjected to impulsive loadings,2018,complete,Haitao Li,Tongji University,"Department of Geotechnical Engineering, Key Laboratory of Geotechnical and Underground Engineering of Ministry of Education, College of Civil Engineering Tongji University  1239 Siping Road Shanghai 200092 China; Department of Geotechnical Engineering, Key Laboratory of Geotechnical and Underground Engineering of Ministry of Education, College of Civil Engineering, Tongji University, 1239 Siping Road, Shanghai, 200092 China",Hai Tao Li,https://doi.org/10.1002/nag.2785,https://openalex.org/W2794710295
Investigating rotational characteristics and contact mechanisms of star-like shapes using multiellipse-based DEM,2025,complete,Yang Li,Northwestern University,"Department of Civil and Environmental Engineering, Northwestern University, Evanston, IL, 60208, USA",Yang Li,https://doi.org/10.1016/j.partic.2025.03.001,https://openalex.org/W4408397688
Investigating rotational characteristics and contact mechanisms of star-like shapes using multiellipse-based DEM,2025,complete,Haoran Jiang,Kajima Corporation (Japan),"Civil Engineering Design Division, Kajima Corporation, 3-8, Motoakasaka, 1-chome, Minato-ku, Tokyo, 107-8477, Japan",Haoran Jiang,https://doi.org/10.1016/j.partic.2025.03.001,https://openalex.org/W4408397688
Behavior of a multilayered transversely isotropic half space due to horizontal transient loadings,2018,complete,Zhi Yong Ai,Tongji University,"Department of Geotechnical Engineering, Key Laboratory of Geotechnical and Underground Engineering of Ministry of Education, College of Civil Engineering, Tongji University, Shanghai, China",Zhi Yong Ai,https://doi.org/10.1016/j.compgeo.2018.01.004,https://openalex.org/W2794317088
Behavior of a multilayered transversely isotropic half space due to horizontal transient loadings,2018,complete,Yang Li,Tongji University,"Department of Geotechnical Engineering, Key Laboratory of Geotechnical and Underground Engineering of Ministry of Education, College of Civil Engineering, Tongji University, Shanghai, China",Yang Li,https://doi.org/10.1016/j.compgeo.2018.01.004,https://openalex.org/W2794317088
Behavior of a multilayered transversely isotropic half space due to horizontal transient loadings,2018,complete,Chun Lin Liu,Tongji University,"Department of Geotechnical Engineering, Key Laboratory of Geotechnical and Underground Engineering of Ministry of Education, College of Civil Engineering, Tongji University, Shanghai, China",Chun Lin Liu,https://doi.org/10.1016/j.compgeo.2018.01.004,https://openalex.org/W2794317088
Vertical dynamic analysis of a rigid disc in a layered transversely isotropic unsaturated soil,2024,complete,Zi Ye,Hohai University,"Key Laboratory of Ministry of Education for Geomechanics and Embankment Engineering, Hohai University, Nanjing 210098, China; Research Institute of Geotechnical Engineering, Hohai University, Nanjing 210098, China",Zi Ye,https://doi.org/10.1016/j.compgeo.2024.106342,https://openalex.org/W4396241827
Vertical dynamic analysis of a rigid disc in a layered transversely isotropic unsaturated soil,2024,complete,Ruobin Su,Hohai University,"Key Laboratory of Ministry of Education for Geomechanics and Embankment Engineering, Hohai University, Nanjing 210098, China; Research Institute of Geotechnical Engineering, Hohai University, Nanjing 210098, China",Ruobin Su,https://doi.org/10.1016/j.compgeo.2024.106342,https://openalex.org/W4396241827
Vertical dynamic analysis of a rigid disc in a layered transversely isotropic unsaturated soil,2024,complete,Zhi Yong Ai,Tongji University,"Key Laboratory of Geotechnical and Underground Engineering of Ministry of Education, Tongji University, Shanghai 200092, China",Zhi Yong Ai,https://doi.org/10.1016/j.compgeo.2024.106342,https://openalex.org/W4396241827
Vertical dynamic analysis of a rigid disc in a layered transversely isotropic unsaturated soil,2024,complete,Yonghui Chen,Hohai University,"Key Laboratory of Ministry of Education for Geomechanics and Embankment Engineering, Hohai University, Nanjing 210098, China; Research Institute of Geotechnical Engineering, Hohai University, Nanjing 210098, China",Yonghui Chen,https://doi.org/10.1016/j.compgeo.2024.106342,https://openalex.org/W4396241827
Vertical dynamic analysis of a rigid disc in a layered transversely isotropic unsaturated soil,2024,complete,Yang Li,Northwestern University,"McCormick School of Engineering, Northwestern University, Evanston, IL, USA",Yang Li,https://doi.org/10.1016/j.compgeo.2024.106342,https://openalex.org/W4396241827
Vertical dynamic analysis of a rigid disc in a layered transversely isotropic unsaturated soil,2024,complete,Dawei Xue,Northwestern University,"McCormick School of Engineering, Northwestern University, Evanston, IL, USA",Dawei Xue,https://doi.org/10.1016/j.compgeo.2024.106342,https://openalex.org/W4396241827
Role of the particle size and shape dispersion on stress transmission and strain energy storage,2025,complete,Yang Li,Northwestern University,"Department of Civil and Environmental Engineering, Northwestern University, Evanston, IL, USA",Y. Li,https://doi.org/10.1680/jgele.24.00056,https://openalex.org/W4406242077
Role of the particle size and shape dispersion on stress transmission and strain energy storage,2025,complete,Giuseppe Buscarnera,Northwestern University,"Department of Civil and Environmental Engineering, Northwestern University, Evanston, IL, USA",G. Buscarnera,https://doi.org/10.1680/jgele.24.00056,https://openalex.org/W4406242077
Elastic wave velocities during triaxial shearing influenced by particle morphology,2024,complete,Yang Li,Northwestern University; The University of Tokyo,"Institute of Industrial Science, The University of Tokyo, 4-6-1 Komaba, Meguro, Tokyo 153-8505, Japan; McCormick School of Engineering, Northwestern University, Evanston, IL 60208, USA",Yang Li,https://doi.org/10.1016/j.sandf.2024.101443,https://openalex.org/W4392814020
Elastic wave velocities during triaxial shearing influenced by particle morphology,2024,complete,Masahide Otsubo,Public Works Research Institute; The University of Tokyo,"Institute of Industrial Science, The University of Tokyo, 4-6-1 Komaba, Meguro, Tokyo 153-8505, Japan; Public Works Research Institute, 1-6 Minamihara, Tsukuba, Ibaraki 305-8516, Japan",Masahide Otsubo,https://doi.org/10.1016/j.sandf.2024.101443,https://openalex.org/W4392814020
Elastic wave velocities during triaxial shearing influenced by particle morphology,2024,complete,Reiko Kuwano,The University of Tokyo,"Institute of Industrial Science, The University of Tokyo, 4-6-1 Komaba, Meguro, Tokyo 153-8505, Japan",Reiko Kuwano,https://doi.org/10.1016/j.sandf.2024.101443,https://openalex.org/W4392814020
A level-set method-based framework for modeling abrasion of railway ballast,2025,complete,Haoran Jiang,Kajima Corporation (Japan),"Civil Engineering Design Division, Kajima Corporation, 3-8, Motoakasaka, 1-chome, Minato-ku, Tokyo, 107-8477, Japan",Haoran Jiang,https://doi.org/10.1016/j.trgeo.2025.101628,https://openalex.org/W4412084915
A level-set method-based framework for modeling abrasion of railway ballast,2025,complete,Opu Chandra Debanath,Chittagong University of Engineering & Technology,"Department of Civil Engineering, Chittagong University of Engineering and Technology, Chattogram 4349, Bangladesh",Opu Chandra Debanath,https://doi.org/10.1016/j.trgeo.2025.101628,https://openalex.org/W4412084915
A level-set method-based framework for modeling abrasion of railway ballast,2025,complete,Yang Li,Kyushu University; Hong Kong Polytechnic University,"Department of Civil Engineering, Kyushu University, Fukuoka 819-0395, Japan; Department of Civil and Environmental Engineering, The Hong Kong Polytechnic University, Hung Hom, Kowloon, Hong Kong, China",Yang Li,https://doi.org/10.1016/j.trgeo.2025.101628,https://openalex.org/W4412084915
A level-set method-based framework for modeling abrasion of railway ballast,2025,complete,Ruidong Li,Hong Kong Polytechnic University,"Department of Civil and Environmental Engineering, The Hong Kong Polytechnic University, Hung Hom, Kowloon, Hong Kong, China",Ruidong Li,https://doi.org/10.1016/j.trgeo.2025.101628,https://openalex.org/W4412084915
Determination of shape and force attractors for brittle granular materials through numerical experiments,2026,complete,Y Li,Northwestern University; Kyushu University,"Department of Civil Engineering, Kyushu University, Fukuoka, 819–0395, Japan; Department of Civil and Environmental Engineering, Northwestern University, Evanston, IL, 60208, USA",Yang Li,https://doi.org/10.1007/s10035-026-01637-9,https://openalex.org/W7160529095
Determination of shape and force attractors for brittle granular materials through numerical experiments,2026,complete,Divyanshu Lal,Northwestern University,"Department of Civil and Environmental Engineering, Northwestern University, Evanston, IL, 60208, USA",Divyanshu Lal,https://doi.org/10.1007/s10035-026-01637-9,https://openalex.org/W7160529095
Determination of shape and force attractors for brittle granular materials through numerical experiments,2026,complete,Giuseppe Buscarnera,Northwestern University,"Department of Civil and Environmental Engineering, Northwestern University, Evanston, IL, 60208, USA",Giuseppe Buscarnera,https://doi.org/10.1007/s10035-026-01637-9,https://openalex.org/W7160529095
Evolving particle shape dispersion in crushable granular solids: A continuum breakage mechanics model,2026,complete,Divyanshu Lal,Northwestern University,"McCormick School of Engineering, Northwestern University, Evanston, IL, USA",Divyanshu Lal,https://doi.org/10.1016/j.jmps.2026.106651,https://openalex.org/W7155351453
Evolving particle shape dispersion in crushable granular solids: A continuum breakage mechanics model,2026,complete,Yang Li,Kyushu University,"Department of Civil Engineering, Kyushu University, Fukuoka, 819-0395, Japan",Yang Li,https://doi.org/10.1016/j.jmps.2026.106651,https://openalex.org/W7155351453
Evolving particle shape dispersion in crushable granular solids: A continuum breakage mechanics model,2026,complete,Giuseppe Buscarnera,Northwestern University,"McCormick School of Engineering, Northwestern University, Evanston, IL, USA",Giuseppe Buscarnera,https://doi.org/10.1016/j.jmps.2026.106651,https://openalex.org/W7155351453
Effects of Particle Morphology on Mechanical Responses of Granular Materials,2022,complete,Yang Li,The University of Tokyo,東京大学,"李, 洋",https://doi.org/10.15083/0002010937,https://openalex.org/W7207569593
Cell-based origins of structural and mechanical responses in sheared granular systems,2026,complete,Haoran Jiang,Kajima Corporation (Japan),"Civil Engineering Design Division, Kajima Corporation, Tokyo, 107-8477, Japan",Haoran Jiang,https://doi.org/10.1016/j.compgeo.2026.108216,https://openalex.org/W7160555375
Cell-based origins of structural and mechanical responses in sheared granular systems,2026,complete,Jiaying Liu,Hangzhou City University,"School of Engineering, Hangzhou City University, Hangzhou, 310015, China",Jiaying Liu,https://doi.org/10.1016/j.compgeo.2026.108216,https://openalex.org/W7160555375
Cell-based origins of structural and mechanical responses in sheared granular systems,2026,complete,Zi Ye,Hohai University,"Key Laboratory of Ministry of Education for Geomechanics and Embankment Engineering, Hohai University, Nanjing 210098, China",Zi Ye,https://doi.org/10.1016/j.compgeo.2026.108216,https://openalex.org/W7160555375
Cell-based origins of structural and mechanical responses in sheared granular systems,2026,complete,Yang Li,Kyushu University,"Department of Civil Engineering, Kyushu University, Fukuoka, 819-0395, Japan",Yang Li,https://doi.org/10.1016/j.compgeo.2026.108216,https://openalex.org/W7160555375
Multi-scale morphology of diverse particles from CE-5 lunar samples: Implications for flowability of lunar soil,2026,complete,Zhijun Wu,Wuhan University,"School of Civil Engineering, Wuhan University, Wuhan 430072, China",Zhijun Wu,https://doi.org/10.1016/j.gsf.2026.102368,https://openalex.org/W7163579688
Multi-scale morphology of diverse particles from CE-5 lunar samples: Implications for flowability of lunar soil,2026,complete,Siqiao Wang,Wuhan University,"School of Civil Engineering, Wuhan University, Wuhan 430072, China",Siqiao Wang,https://doi.org/10.1016/j.gsf.2026.102368,https://openalex.org/W7163579688
Multi-scale morphology of diverse particles from CE-5 lunar samples: Implications for flowability of lunar soil,2026,complete,Jiayan Nie,Wuhan University,"School of Civil Engineering, Wuhan University, Wuhan 430072, China",Jiayan Nie,https://doi.org/10.1016/j.gsf.2026.102368,https://openalex.org/W7163579688
Multi-scale morphology of diverse particles from CE-5 lunar samples: Implications for flowability of lunar soil,2026,complete,Xuhang Zhang,"Institute of Geology and Geophysics, CAS","Key Laboratory of Earth and Planetary Physics, Institute of Geology and Geophysics, Chinese Academy of Sciences, Beijing 100029, China",Xuhang Zhang,https://doi.org/10.1016/j.gsf.2026.102368,https://openalex.org/W7163579688
Multi-scale morphology of diverse particles from CE-5 lunar samples: Implications for flowability of lunar soil,2026,complete,Yang Li,Kyushu University,"Department of Civil Engineering, Kyushu University, Fukuoka Shi 819-0395, Japan",Yang Li,https://doi.org/10.1016/j.gsf.2026.102368,https://openalex.org/W7163579688
A DEM investigation of the arching effect in rock material mixtures with different strengths,2026,complete,Rawiwan Sukhumkitcharoen,Port and Airport Research Institute,"Port and Airport Research Institute, 3-1-1 Nagase, Yokosuka, Kanagawa 239-0826, Japan",Rawiwan Sukhumkitcharoen,https://doi.org/10.1016/j.powtec.2026.122372,https://openalex.org/W7133505664
A DEM investigation of the arching effect in rock material mixtures with different strengths,2026,complete,Masahide Otsubo,Port and Airport Research Institute,"Port and Airport Research Institute, 3-1-1 Nagase, Yokosuka, Kanagawa 239-0826, Japan",Masahide Otsubo,https://doi.org/10.1016/j.powtec.2026.122372,https://openalex.org/W7133505664
A DEM investigation of the arching effect in rock material mixtures with different strengths,2026,complete,Itsuki Sato,Port and Airport Research Institute,"Port and Airport Research Institute, 3-1-1 Nagase, Yokosuka, Kanagawa 239-0826, Japan",Itsuki Sato,https://doi.org/10.1016/j.powtec.2026.122372,https://openalex.org/W7133505664
A DEM investigation of the arching effect in rock material mixtures with different strengths,2026,complete,Yang Li,Kyushu University; Port and Airport Research Institute,"Department of Civil Engineering, Kyushu University, 744 Motooka, Nishi-ku, Fukuoka 819-0395, Japan; Port and Airport Research Institute, 3-1-1 Nagase, Yokosuka, Kanagawa 239-0826, Japan",Yang Li,https://doi.org/10.1016/j.powtec.2026.122372,https://openalex.org/W7133505664
A DEM investigation of the arching effect in rock material mixtures with different strengths,2026,complete,Hidenori Takahashi,Port and Airport Research Institute; Tokyo University of Marine Science and Technology,"Department of Marine Resources and Energy, Tokyo University of Marine Science and Technology, 4-5-7 Konan, Minato-ku, Tokyo 108-8477, Japan; Port and Airport Research Institute, 3-1-1 Nagase, Yokosuka, Kanagawa 239-0826, Japan",Hidenori Takahashi,https://doi.org/10.1016/j.powtec.2026.122372,https://openalex.org/W7133505664
Variance reduction function modeling for a potential circular slip surface in spatially variable slopes,2026,missing,Lihang Hu,,,Lihang Hu,https://doi.org/10.1016/j.enggeo.2026.108636,https://openalex.org/W7131663138
Variance reduction function modeling for a potential circular slip surface in spatially variable slopes,2026,missing,Rui Zhang,,,Rui Zhang,https://doi.org/10.1016/j.enggeo.2026.108636,https://openalex.org/W7131663138
Variance reduction function modeling for a potential circular slip surface in spatially variable slopes,2026,missing,Gang Wang,,,Gang Wang,https://doi.org/10.1016/j.enggeo.2026.108636,https://openalex.org/W7131663138
Variance reduction function modeling for a potential circular slip surface in spatially variable slopes,2026,missing,Yang Li,,,Yang Li,https://doi.org/10.1016/j.enggeo.2026.108636,https://openalex.org/W7131663138
Variance reduction function modeling for a potential circular slip surface in spatially variable slopes,2026,missing,Zhi Li,,,Zhi Li,https://doi.org/10.1016/j.enggeo.2026.108636,https://openalex.org/W7131663138
Variance reduction function modeling for a potential circular slip surface in spatially variable slopes,2026,missing,Faxin Li,,,Faxin Li,https://doi.org/10.1016/j.enggeo.2026.108636,https://openalex.org/W7131663138
Variance reduction function modeling for a potential circular slip surface in spatially variable slopes,2026,missing,Junyan Yu,,,Junyan Yu,https://doi.org/10.1016/j.enggeo.2026.108636,https://openalex.org/W7131663138
Variance reduction function modeling for a potential circular slip surface in spatially variable slopes,2026,missing,清伸 笠間,,,Kiyonobu Kasama,https://doi.org/10.1016/j.enggeo.2026.108636,https://openalex.org/W7131663138
Biaxial shearing of star-shaped particles with multiellipse DEM model,2025,complete,Zhipeng Yu,University of Tsukuba,"Department of Engineering Mechanics and Energy, University of Tsukuba",Zhipeng Yu,https://doi.org/10.1051/epjconf/202534009001,https://openalex.org/W7108073984
Biaxial shearing of star-shaped particles with multiellipse DEM model,2025,complete,Yang Li,Northwestern University,"Department of Civil and Environmental Engineering, Northwestern University",Yang Li,https://doi.org/10.1051/epjconf/202534009001,https://openalex.org/W7108073984
Biaxial shearing of star-shaped particles with multiellipse DEM model,2025,complete,Haoran Jiang,Kajima Corporation (Japan),"Civil Engineering Design Division, Kajima Corporation",Haoran Jiang,https://doi.org/10.1051/epjconf/202534009001,https://openalex.org/W7108073984
Microscopic insight into the soil fabric during load-unload correlated with stress waves,2022,complete,Yang Li,The University of Tokyo,"Institute of Industrial Science, The University of Tokyo, Tokyo, Japan",Yang Li,https://doi.org/10.1007/978-3-031-11898-2_204,https://openalex.org/W4296337540
Microscopic insight into the soil fabric during load-unload correlated with stress waves,2022,complete,Masahide Otsubo,The University of Tokyo,"Institute of Industrial Science, The University of Tokyo, Tokyo, Japan",Masahide Otsubo,https://doi.org/10.1007/978-3-031-11898-2_204,https://openalex.org/W4296337540
Microscopic insight into the soil fabric during load-unload correlated with stress waves,2022,complete,Reiko Kuwano,The University of Tokyo,"Institute of Industrial Science, The University of Tokyo, Tokyo, Japan",Reiko Kuwano,https://doi.org/10.1007/978-3-031-11898-2_204,https://openalex.org/W4296337540
DEM modelling of granular materials with real shape morphology,2021,missing,"Y Li, M Otsubo, R Kuwano, S Nadimi, V Angelidakis",,,,https://scholar.google.com/citations?view_op=view_citation&hl=en&oe=ASCII&user=Ta3kqSwAAAAJ&pagesize=100&citation_for_view=Ta3kqSwAAAAJ:dshw04ExmUIC,
An experimental study on the influence of particle shape on the mechanical behaviour of granular materials,2020,missing,"Y LI, M OTSUBO, R KUWANO",,,,https://scholar.google.com/citations?view_op=view_citation&hl=en&oe=ASCII&user=Ta3kqSwAAAAJ&pagesize=100&citation_for_view=Ta3kqSwAAAAJ:SP6oXDckpogC,
DEM analysis of pore-driven breakage in granular materials,2026,complete,Yang Li,Kyushu University; Port and Airport Research Institute,"Department of Civil Engineering, Kyushu University, Fukuoka 819-0395, Japan; Port and Airport Research Institute, 3-1-1 Nagase, Yokosuka, Kanagawa 239-0826, Japan",Yang Li,https://doi.org/10.1016/j.powtec.2026.122450,https://openalex.org/W7138914688
DEM analysis of pore-driven breakage in granular materials,2026,complete,Masahide Otsubo,Port and Airport Research Institute,"Port and Airport Research Institute, 3-1-1 Nagase, Yokosuka, Kanagawa 239-0826, Japan",Masahide Otsubo,https://doi.org/10.1016/j.powtec.2026.122450,https://openalex.org/W7138914688
DEM analysis of pore-driven breakage in granular materials,2026,complete,Itsuki Sato,Port and Airport Research Institute,"Port and Airport Research Institute, 3-1-1 Nagase, Yokosuka, Kanagawa 239-0826, Japan",Itsuki Sato,https://doi.org/10.1016/j.powtec.2026.122450,https://openalex.org/W7138914688
DEM analysis of pore-driven breakage in granular materials,2026,complete,Rawiwan Sukhumkitcharoen,Port and Airport Research Institute,"Port and Airport Research Institute, 3-1-1 Nagase, Yokosuka, Kanagawa 239-0826, Japan",Rawiwan Sukhumkitcharoen,https://doi.org/10.1016/j.powtec.2026.122450,https://openalex.org/W7138914688
DEM analysis of pore-driven breakage in granular materials,2026,complete,Hidenori Takahashi,Port and Airport Research Institute; Tokyo University of Marine Science and Technology,"Department of Marine Resources and Energy, Tokyo University of Marine Science and Technology, 4-5-7 Konan, Minato-ku, Tokyo 108-8477, Japan; Port and Airport Research Institute, 3-1-1 Nagase, Yokosuka, Kanagawa 239-0826, Japan",Hidenori Takahashi,https://doi.org/10.1016/j.powtec.2026.122450,https://openalex.org/W7138914688
Sensitivity of G0 and stress-strain relation of geomaterials to grain shape and surface roughness,2024,complete,Masahide Otsubo,Public Works Research Institute; The University of Tokyo,"Public Works Research Institute, 1-6 Minamihara, Ibaraki 305-8516, Tsukuba, Japan; The University of Tokyo, Institute of Industrial Science, 4-6-1 Komaba, Meguro-ku, Tokyo 153-8505, Japan",Masahide Otsubo,https://doi.org/10.1051/e3sconf/202454405006,https://openalex.org/W4400255352
Sensitivity of G0 and stress-strain relation of geomaterials to grain shape and surface roughness,2024,complete,Yang Li,The University of Tokyo,"The University of Tokyo, Institute of Industrial Science, 4-6-1 Komaba, Meguro-ku, Tokyo 153-8505, Japan",Yang Li,https://doi.org/10.1051/e3sconf/202454405006,https://openalex.org/W4400255352
Sensitivity of G0 and stress-strain relation of geomaterials to grain shape and surface roughness,2024,complete,Reiko Kuwano,The University of Tokyo,"The University of Tokyo, Institute of Industrial Science, 4-6-1 Komaba, Meguro-ku, Tokyo 153-8505, Japan",Reiko Kuwano,https://doi.org/10.1051/e3sconf/202454405006,https://openalex.org/W4400255352
Relating dynamic properties of gap-graded soils to the stress transmission in soil fabric,2022,missing,"RK Masahide Otsubo, Arian Ghaemi, Yang Li, Troyee Tanu Dutta",,,,https://scholar.google.com/citations?view_op=view_citation&hl=en&oe=ASCII&user=Ta3kqSwAAAAJ&pagesize=100&citation_for_view=Ta3kqSwAAAAJ:738O_yMBCRsC,
ガウスフィルタを用いた粒状体材料の表面粗度評価手法の提案,2021,missing,"大坪 正英, ヤン リ, 桑野 玲子サデック ナディミ",,,,https://scholar.google.com/citations?view_op=view_citation&hl=en&oe=ASCII&user=Ta3kqSwAAAAJ&pagesize=100&citation_for_view=Ta3kqSwAAAAJ:UxriW0iASnsC,
ギャップグレード硅砂の動的応答に関する室内要素試験,2020,missing,"大坪 正英, デュッタ トロイー タヌ, ガエム アリアン, リ ヤン桑野 玲子",,,,https://scholar.google.com/citations?view_op=view_citation&hl=en&oe=ASCII&user=Ta3kqSwAAAAJ&pagesize=100&citation_for_view=Ta3kqSwAAAAJ:uWQEDVKXjbEC,
